{"Accuracy":0.3222222328186035,"Epochs":32,"Loss":4.881822109222412,"Batch_Size":32}