{"Accuracy":0.10277777910232544,"Epochs":1,"Loss":13.684855461120605,"Batch_Size":32}